[{"sidebar-blog":["search-2","text-5","categories-2","widget_mfn_recent_comments-2","meta-2"],"footer-area-1":["text-2"],"footer-area-2":["text-3"],"footer-area-3":["text-4"]},{"search":{"2":{"title":"Search"},"_multiwidget":1},"text":{"5":{"title":"About us","text":"Nulla ultrices dolor vel massa ullamcorper imperdiet eget ut risus. Vivamus eu dolor lacinia, auctor neque quis.","filter":false},"2":{"title":"About us","text":"Nulla dignissim tortor nec ante semper, vel vehicula tortor condimentum. Etiam luctus justo a turpis pulvinar semper. Vestibulum ante ipsum primis in faucibus orci luctus et ultrices posuere cubilia.  Aliquam erat ac ipsum. Integer aliquam purus. Quisque lorem tortor luctus justo.","filter":false},"3":{"title":"Our mission","text":"Donec neque libero, maximus ut risus sit amet, rhoncus vestibulum purus. Sed dapibus elit rhoncus dolor tempus sodales. Vestibulum at euismod nisi. Nunc tortor augue, tempus sed lorem nec. Maecenas consequat, augue a venenatis risus. Ut id mollis vel, lacinia quam.","filter":false},"4":{"title":"Useful links","text":"<ul style=\"width: 50%; float: left; line-height: 28px;\">\r\n<li><i style=\"color: #275fff;\" class=\"icon-right-circled\"><\/i> <a href=\"#\">Duis sed<\/a><\/li>\r\n<li><i style=\"color: #275fff;\" class=\"icon-right-circled\"><\/i> <a href=\"#\">Morbi accum<\/a><\/li>\r\n<li><i style=\"color: #275fff;\" class=\"icon-right-circled\"><\/i> <a href=\"#\">Nam nec <\/a><\/li>\r\n<li><i style=\"color: #275fff;\" class=\"icon-right-circled\"><\/i> <a href=\"#\">Class aptent<\/a><\/li>\r\n<\/ul>\r\n<ul style=\"width: 50%; float: left; line-height: 28px;\">\r\n<li><i style=\"color: #275fff;\" class=\"icon-right-circled\"><\/i> <a href=\"#\">Quent per<\/a><\/li>\r\n<li><i style=\"color: #275fff;\" class=\"icon-right-circled\"><\/i> <a href=\"#\">Nceptos himen<\/a><\/li>\r\n<li><i style=\"color: #275fff;\" class=\"icon-right-circled\"><\/i> <a href=\"#\">Mauris erat<\/a><\/li>\r\n<\/ul>","filter":false},"_multiwidget":1},"categories":{"2":{"title":"Categories","count":0,"hierarchical":0,"dropdown":0},"_multiwidget":1},"widget_mfn_recent_comments":{"2":{"title":"Latest comments","count":2},"_multiwidget":1},"meta":{"2":{"title":"Meta"},"_multiwidget":1}}]